source_id,source_name,index,author,title,description,url,urlToImage,publishedAt,content
business-insider,Business Insider,0,bevans@insider.com (Brian Evans),"Charlie Munger says artificial intelligence is filled with 'crazy hype' and won't cure cancer, but his Daily Journal newspaper is experimenting with AI to write articles","""Artificial intelligence is very important, but there's a lot of crazy hype on the subject,"" Charlie Munger said.",https://markets.businessinsider.com/news/stocks/charlie-munger-ai-artificial-intelligence-chatgpt-openai-warren-buffett-bkershire-2023-2,https://i.insider.com/63ed4ad1dd6fcf00194a8e0a?width=1200&format=jpeg,2023-02-15T21:33:22Z,"Billionaire investor Charlie Munger said Wednesday that artificial intelligence is important but has also been filled with hype. 
During a Q&amp;A session at the Daily Journal's annual meeting, he w… [+1278 chars]"
,VentureBeat,1,Sri Krishna,Quantum Brilliance snags $18M funding on synthetic diamond road to quantum chips,"Quantum Brilliance, which today announced an $18M fundraise, is applying synthetic diamond technology for quantum accelerators.",https://venturebeat.com/programming-development/quantum-brilliance-snags-18m-funding-on-synthetic-diamond-road-to-quantum-chips/,https://venturebeat.com/wp-content/uploads/2021/01/GettyImages-1150039017-e1676421760778.jpg?w=1200&strip=all,2023-02-15T00:45:33Z,Quantum Brilliance hit the quantum computing scene in 2019 with an ambitious vision to apply synthetic diamond technology for quantum accelerators. The Australia-based companys approach is meant to s… [+6946 chars]
,9to5Mac,2,Ben Lovejoy,Bing chatbot disasters: Why Apple isn’t jumping on the chatwagon,"If I’d asked the Bing chatbot to support our argument that Apple won’t be adopting ChatGPT type AI tech anytime soon, it really couldn’t have done a better job than some of its recent conversations.
Bing’s AI has threatened some users, insulted others, and to…",https://9to5mac.com/2023/02/17/bing-chatbot-disasters/,https://i0.wp.com/9to5mac.com/wp-content/uploads/sites/6/2023/02/Bing-chatbot-disasters.jpg?resize=1200%2C628&quality=82&strip=all&ssl=1,2023-02-17T15:13:52Z,"If I’d asked the Bing chatbot to support our argument that Apple won’t be adopting ChatGPT type AI tech anytime soon, it really couldn’t have done a better job than some of its recent conversations.… [+5226 chars]"
,Phys.Org,3,Cathy Bussewitz,Insider Q&A: Satellite company fights climate change,"Finding and fixing methane leaks has been identified by scientists as one of the most effective ways to turn the tide of global warming. To help uncover those leaks, Canadian company GHGSat has launched six satellites to search for methane plumes.",https://phys.org/news/2023-03-insider-qa-satellite-company-climate.html,https://scx2.b-cdn.net/gfx/news/hires/2023/insider-qa-satellite-c.jpg,2023-03-06T13:47:18Z,"Finding and fixing methane leaks has been identified by scientists as one of the most effective ways to turn the tide of global warming. To help uncover those leaks, Canadian company GHGSat has launc… [+4855 chars]"
bloomberg,Bloomberg,4,"Vildana Hajric, Michael P. Regan",How State Street Has Used AI to Find 'Hidden Gems' Since 2018,"ChatGPT has taken the internet by storm, triggering a new wave of speculation surrounding how artificial intelligence can disrupt various industries and markets. Yet AI has already been at work for years on Wall Street, where State Street and other companies …",https://www.bloomberg.com/news/articles/2023-02-11/how-state-street-has-used-ai-to-find-hidden-gems-since-2018,https://assets.bwbx.io/images/users/iqjWHBFdfxIU/iG29dvZMhlVE/v0/1200x777.jpg,2023-02-11T19:06:43Z,"ChatGPT has taken the internet by storm, triggering a new wave of speculation surrounding how artificial intelligence can disrupt various industries and markets. Yet AI has already been at work for y… [+5404 chars]"
,Motley Fool,5,newsfeedback@fool.com (Motley Fool Transcribing),S&P; Global (SPGI) Q4 2022 Earnings Call Transcript,"SPGI earnings call for the period ending December 31, 2022.",https://www.fool.com/earnings/call-transcripts/2023/02/09/sp-global-spgi-q4-2022-earnings-call-transcript/,https://g.foolcdn.com/editorial/images/1/featured-transcript-logo-template-2023-01-12.jpg,2023-02-09T19:30:29Z,"Image source: The Motley Fool.
S&amp;P Global (SPGI 0.03%)Q4 2022 Earnings CallFeb 09, 2023, 8:30 a.m. ET
Contents:
<ul><li>Prepared Remarks</li><li>Questions and Answers</li><li>Call Participants… [+88140 chars]"
,Motley Fool,6,newsfeedback@fool.com (Motley Fool Transcribing),Digital Realty Trust (DLR) Q4 2022 Earnings Call Transcript,"DLR earnings call for the period ending December 31, 2022.",https://www.fool.com/earnings/call-transcripts/2023/02/16/digital-realty-trust-dlr-q4-2022-earnings-call-tra/,https://g.foolcdn.com/editorial/images/1/featured-transcript-logo-template-2023-01-12.jpg,2023-02-17T03:00:23Z,"Image source: The Motley Fool.
Digital Realty Trust (DLR -0.66%)Q4 2022 Earnings CallFeb 16, 2023, 5:00 p.m. ET
Contents:
<ul><li>Prepared Remarks</li><li>Questions and Answers</li><li>Call Partic… [+58881 chars]"
,Motley Fool,7,newsfeedback@fool.com (Motley Fool Transcribing),fuboTV (FUBO) Q4 2022 Earnings Call Transcript,"FUBO earnings call for the period ending December 31, 2022.",https://www.fool.com/earnings/call-transcripts/2023/02/27/fubotv-fubo-q4-2022-earnings-call-transcript/,https://g.foolcdn.com/editorial/images/1/featured-transcript-logo-template-2023-01-12.jpg,2023-02-28T00:00:37Z,"Image source: The Motley Fool.
fuboTV (FUBO -13.79%)Q4 2022 Earnings CallFeb 27, 2023, 8:30 a.m. ET
Contents:
<ul><li>Prepared Remarks</li><li>Questions and Answers</li><li>Call Participants</li><… [+53154 chars]"
,Motley Fool,8,newsfeedback@fool.com (Motley Fool Transcribing),Atomera (ATOM) Q4 2022 Earnings Call Transcript,"ATOM earnings call for the period ending December 31, 2022.",https://www.fool.com/earnings/call-transcripts/2023/02/16/atomera-atom-q4-2022-earnings-call-transcript/,https://g.foolcdn.com/editorial/images/1/featured-transcript-logo-template-2023-01-12.jpg,2023-02-16T07:00:24Z,"Image source: The Motley Fool.
Atomera (ATOM -2.56%)Q4 2022 Earnings CallFeb 15, 2023, 5:00 p.m. ET
Contents:
<ul><li>Prepared Remarks</li><li>Questions and Answers</li><li>Call Participants</li><… [+41668 chars]"
,Motley Fool,9,newsfeedback@fool.com (Motley Fool Transcribing),Wix.com (WIX) Q4 2022 Earnings Call Transcript,"WIX earnings call for the period ending December 31, 2022.",https://www.fool.com/earnings/call-transcripts/2023/02/22/wixcom-wix-q4-2022-earnings-call-transcript/,https://g.foolcdn.com/editorial/images/1/featured-transcript-logo-template-2023-01-12.jpg,2023-02-22T20:30:22Z,"Image source: The Motley Fool.
Wix.com (WIX 14.38%)Q4 2022 Earnings CallFeb 22, 2023, 8:30 a.m. ET
Contents:
<ul><li>Prepared Remarks</li><li>Questions and Answers</li><li>Call Participants</li></… [+38442 chars]"
,Motley Fool,10,newsfeedback@fool.com (Motley Fool Transcribing),Olo (OLO) Q4 2022 Earnings Call Transcript,"OLO earnings call for the period ending December 31, 2022.",https://www.fool.com/earnings/call-transcripts/2023/02/22/olo-olo-q4-2022-earnings-call-transcript/,https://g.foolcdn.com/editorial/images/1/featured-transcript-logo-template-2023-01-12.jpg,2023-02-23T02:30:27Z,"Image source: The Motley Fool.
Olo (OLO 2.53%)Q4 2022 Earnings CallFeb 22, 2023, 5:00 p.m. ET
Contents:
<ul><li>Prepared Remarks</li><li>Questions and Answers</li><li>Call Participants</li></ul>Pr… [+47108 chars]"
,Motley Fool,11,newsfeedback@fool.com (Motley Fool Transcribing),Evolent Health (EVH) Q4 2022 Earnings Call Transcript,"EVH earnings call for the period ending December 31, 2022.",https://www.fool.com/earnings/call-transcripts/2023/02/22/evolent-health-evh-q4-2022-earnings-call-transcrip/,https://g.foolcdn.com/editorial/images/1/featured-transcript-logo-template-2023-01-12.jpg,2023-02-23T03:00:23Z,"Image source: The Motley Fool.
Evolent Health (EVH -1.31%)Q4 2022 Earnings CallFeb 22, 2023, 5:00 p.m. ET
Contents:
<ul><li>Prepared Remarks</li><li>Questions and Answers</li><li>Call Participants… [+57101 chars]"
,Motley Fool,12,newsfeedback@fool.com (Motley Fool Transcribing),AeroVironment (AVAV) Q3 2023 Earnings Call Transcript,"AVAV earnings call for the period ending December 31, 2022.",https://www.fool.com/earnings/call-transcripts/2023/03/06/aerovironment-avav-q3-2023-earnings-call-transcrip/,https://g.foolcdn.com/editorial/images/1/featured-transcript-logo-template-2023-01-12.jpg,2023-03-07T01:30:39Z,"Image source: The Motley Fool.
AeroVironment (AVAV -1.90%)Q3 2023 Earnings CallMar 06, 2023, 4:30 p.m. ET
Contents:
<ul><li>Prepared Remarks</li><li>Questions and Answers</li><li>Call Participants… [+57141 chars]"
,Motley Fool,13,newsfeedback@fool.com (Motley Fool Transcribing),Arista Networks (ANET) Q4 2022 Earnings Call Transcript,"ANET earnings call for the period ending December 31, 2022.",https://www.fool.com/earnings/call-transcripts/2023/02/14/arista-networks-anet-q4-2022-earnings-call-transcr/,https://g.foolcdn.com/editorial/images/1/featured-transcript-logo-template-2023-01-12.jpg,2023-02-14T07:00:32Z,"Image source: The Motley Fool.
Arista Networks (ANET 2.05%)Q4 2022 Earnings CallFeb 13, 2023, 4:30 p.m. ET
Contents:
<ul><li>Prepared Remarks</li><li>Questions and Answers</li><li>Call Participant… [+74644 chars]"
,Motley Fool,14,newsfeedback@fool.com (Motley Fool Transcribing),Workday (WDAY) Q4 2023 Earnings Call Transcript,"WDAY earnings call for the period ending December 31, 2022.",https://www.fool.com/earnings/call-transcripts/2023/02/27/workday-wday-q4-2023-earnings-call-transcript/,https://g.foolcdn.com/editorial/images/1/featured-transcript-logo-template-2023-01-12.jpg,2023-02-28T02:00:21Z,"Image source: The Motley Fool.
Workday (WDAY 0.98%)Q4 2023 Earnings CallFeb 27, 2023, 4:30 p.m. ET
Contents:
<ul><li>Prepared Remarks</li><li>Questions and Answers</li><li>Call Participants</li></… [+56923 chars]"
,Motley Fool,15,newsfeedback@fool.com (Motley Fool Transcribing),C3.ai (AI) Q3 2023 Earnings Call Transcript,"AI earnings call for the period ending December 31, 2022.",https://www.fool.com/earnings/call-transcripts/2023/03/03/c3ai-ai-q3-2023-earnings-call-transcript/,https://g.foolcdn.com/editorial/images/1/featured-transcript-logo-template-2023-01-12.jpg,2023-03-03T05:30:34Z,"Image source: The Motley Fool.
C3.ai (AI 2.80%)Q3 2023 Earnings CallMar 02, 2023, 5:00 p.m. ET
Contents:
<ul><li>Prepared Remarks</li><li>Questions and Answers</li><li>Call Participants</li></ul>P… [+57845 chars]"
,Motley Fool,16,newsfeedback@fool.com (Motley Fool Transcribing),BJ's Restaurants (BJRI) Q4 2022 Earnings Call Transcript,"BJRI earnings call for the period ending December 31, 2022.",https://www.fool.com/earnings/call-transcripts/2023/02/17/bjs-restaurants-bjri-q4-2022-earnings-call-transcr/,https://g.foolcdn.com/editorial/images/1/featured-transcript-logo-template-2023-01-12.jpg,2023-02-17T05:00:26Z,"Image source: The Motley Fool.
BJ's Restaurants (BJRI 2.16%)Q4 2022 Earnings CallFeb 16, 2023, 5:00 p.m. ET
Contents:
<ul><li>Prepared Remarks</li><li>Questions and Answers</li><li>Call Participan… [+52186 chars]"
,Motley Fool,17,newsfeedback@fool.com (Motley Fool Transcribing),Medtronic Plc (MDT) Q3 2023 Earnings Call Transcript,"MDT earnings call for the period ending December 31, 2022.",https://www.fool.com/earnings/call-transcripts/2023/02/22/medtronic-plc-mdt-q3-2023-earnings-call-transcript/,https://g.foolcdn.com/editorial/images/1/featured-transcript-logo-template-2023-01-12.jpg,2023-02-22T05:30:35Z,"Image source: The Motley Fool.
Medtronic Plc (MDT 0.81%)Q3 2023 Earnings CallFeb 21, 2023, 8:00 a.m. ET
Contents:
<ul><li>Prepared Remarks</li><li>Questions and Answers</li><li>Call Participants</… [+60825 chars]"
,Motley Fool,18,newsfeedback@fool.com (Motley Fool Transcribing),Walmart (WMT) Q4 2023 Earnings Call Transcript,"WMT earnings call for the period ending December 31, 2022.",https://www.fool.com/earnings/call-transcripts/2023/02/21/walmart-wmt-q4-2023-earnings-call-transcript/,https://g.foolcdn.com/editorial/images/1/featured-transcript-logo-template-2023-01-12.jpg,2023-02-21T18:00:19Z,"Image source: The Motley Fool.
Walmart (WMT 0.36%)Q4 2023 Earnings CallFeb 21, 2023, 8:00 a.m. ET
Contents:
<ul><li>Prepared Remarks</li><li>Questions and Answers</li><li>Call Participants</li></u… [+75279 chars]"
,Deadline,19,jillg366,An AI Voice That Sounds Like Ari Emanuel Will Kick Off Endeavor Earnings Call As Company Posts Solid Q4,Endeavor sales dipped 16% to $1.26 billion last quarter from the year before due mostly to the absence of its divested Endeavor Content business as it posted an upbeat fourth quarter. A diversified biz and focus on sports and live events limit the ad hit face…,https://deadline.com/2023/02/endeavor-ai-ari-emanuel-ufc-wwe-for-sale-quarterly-earnings-1235274509/,https://deadline.com/wp-content/uploads/2022/11/GettyImages-1439335947.jpg?w=1024,2023-02-28T21:06:59Z,Endeavor sales dipped 16% to $1.26 billion last quarter from the year before due mostly to the absence of its divested Endeavor Content business as it posted an upbeat fourth quarter. A diversified b… [+4593 chars]
,Socialmediaexplorer.com,20,Sitetrail Research Team,Uncovering the Secrets of Successful Branding with Jessica Ridge of Redoubt Marketing Solutions,"Q: As the owner of Redoubt Marketing Solutions, a digital marketing agency in Wasilla, Alaska, can you tell us about your experience with branding and its impact on businesses? A: Absolutely. I have seen firsthand...read more
The post Uncovering the Secrets o…",https://socialmediaexplorer.com/digital-marketing/uncovering-the-secrets-of-successful-branding-with-jessica-ridge-of-redoubt-marketing-solutions/,https://socialmediaexplorer.com/wp-content/uploads/2023/02/Successful-Branding-with-Jessica-Ridge-of-Redoubt-Marketing-Solutions.jpg,2023-02-15T13:36:32Z,"Q: As the owner of Redoubt Marketing Solutions, a digital marketing agency in Wasilla, Alaska, can you tell us about your experience with branding and its impact on businesses?
A: Absolutely. I have… [+3891 chars]"
,Mubi.com,21,,The Infinite Now: A Conversation with Sundance's New Frontier,,https://mubi.com/notebook/posts/the-infinite-now-a-conversation-with-sundance-s-new-frontier,,2023-02-09T21:32:28Z,"Last Things (Deborah Stratman, 2023).In October, the Sundance Film Festival announced that it was canceling its New Frontier program for experimental and artists’ cinema at its 2023 edition. Citing t… [+40872 chars]"
,Psychology Today,22,Cami Rosso,AI Study Evaluates GPT-3 Using Cognitive Psychology,A new study analyzed the general intelligence of large language model GPT-3 using cognitive psychology.,https://www.psychologytoday.com/intl/blog/the-future-brain/202303/ai-study-evaluates-gpt-3-using-cognitive-psychology,https://cdn2.psychologytoday.com/assets/styles/manual_crop_1_91_1_1528x800/public/teaser_image/blog_entry/2023-03/pic8872.jpg?itok=e6Cya6lj,2023-03-03T01:27:19Z,A new study published in the Proceedings of the National Academy of Sciences of the United States of America (PNAS) by researchers affiliated with the Max Planck Institute for Biological Cybernetics … [+6514 chars]
,The Guardian,23,Alex Hern,"UK needs its own ‘BritGPT’ or will face an uncertain future, MPs hear","AI experts say state needs to help create British version or risk national security and declining competitivenessThe UK needs to support the creation of a British version of ChatGPT, MPs were told on Wednesday, or the country will further lose the ability to …",https://www.theguardian.com/business/2023/feb/22/uk-needs-its-own-britgpt-or-will-face-an-uncertain-future-mps-hear,https://i.guim.co.uk/img/media/6e91d247e9ce550d44f5a412988d13f9e95b09ea/0_152_5053_3033/master/5053.jpg?width=1200&height=630&quality=85&auto=format&fit=crop&overlay-align=bottom%2Cleft&overlay-width=100p&overlay-base64=L2ltZy9zdGF0aWMvb3ZlcmxheXMvdGctZGVmYXVsdC5wbmc&enable=upscale&s=cc8f82346c3147ecc55c19fd0d5280f1,2023-02-22T16:01:26Z,"The UK needs to support the creation of a British version of ChatGPT, MPs were told on Wednesday, or the country would further lose the ability to determine its own fate.
Speaking to the Commons sci… [+3438 chars]"
,Forbes,24,"Gil Press, Senior Contributor, 
 Gil Press, Senior Contributor
 https://www.forbes.com/sites/gilpress/",Quantum Motion Adds £42 Million To Accelerated Funding Of Quantum Computing Startups,Quantum computing continues to be one of the few hot spots in the venture capital landscape.,https://www.forbes.com/sites/gilpress/2023/02/20/quantum-motion-adds-42-million-to-accelerated-funding-of-quantum-computing-startups/,https://imageio.forbes.com/specials-images/imageserve/63f29dda21f2e810cf60713c/0x0.jpg?format=jpg&width=1200,2023-02-21T00:00:00Z,"UK-based Quantum Motion announced today it has raised over £42 million in a series B funding round, bringing its total funding to date to over £62 million. The oversubscribed round was led by Bosch V… [+4817 chars]"
,Forbes,25,"Laura Smythe, Forbes Staff, 
 Laura Smythe, Forbes Staff
 https://www.forbes.com/sites/laurasmythe-1/",Forbes Daily: JetBlue-Spirit Merger Grounded?,Regulators are expected to try to block JetBlue’s $3.8 billion merger with Spirit Airlines; the S&P 500 is testing a seven-month high; senior IT leaders cite a need to recruit and upskill employees in generative AI; and more.,https://www.forbes.com/sites/laurasmythe/2023/03/07/forbes-daily-jetblue-spirit-merger-grounded/,"https://imageio.forbes.com/specials-images/imageserve/6407365fe1c13c4b9225191c/0x0.jpg?format=jpg&crop=1920,1080,x0,y0,safe&width=1200",2023-03-07T13:10:22Z,"Good morning,
As if enough people dont already suffer from flying anxiety (yours truly included), two planes clipped each other while moving at low speed on the tarmac at Boston Logan International … [+8425 chars]"
,Biztoc.com,26,theglobeandmail.com,"As chatbots boom, Nvidia’s sales outlook tops Wall Street expectations",Chip designer Nvidia Corp NVDA-Q forecast first-quarter revenue above Wall Street estimates on Wednesday as its CEO said use of its chips to power artificial intelligence (AI) services like chatbots had “gone through the roof in the last 60 days.” The sales o…,https://biztoc.com/x/d060367c1e03658c,https://c.biztoc.com/p/d060367c1e03658c/og.webp,2023-02-23T13:08:09Z,Chip designer Nvidia Corp NVDA-Q forecast first-quarter revenue above Wall Street estimates on Wednesday as its CEO said use of its chips to power artificial intelligence (AI) services like chatbots … [+317 chars]
,Niemanlab.org,27,Sarah Scire,Meet the first-ever artificial intelligence editor at the Financial Times,"Madhumita Murgia describes herself as an accidental tech journalist. As a biology student, Murgia studied non-human intelligence in a gray parrot named Alex before she ever focused on intelligence of the artificial variety. Now, as the Financial Times’ first-…",https://www.niemanlab.org/2023/02/meet-the-first-ever-artificial-intelligence-editor-at-the-financial-times/,https://www.niemanlab.org/images/background_of_lush_hedge_maze_simple_illustration_wi_97ed11c4-edea-4d42-8739-1d23cd30e34b@2x-5-700x467.jpg,2023-02-27T17:45:06Z,"As some newsroom roles go the way of the dinosaurs, brand new jobs are being born. This interview is part of an occasional series of Q&amp;As with people who are the first to hold their title in thei… [+11212 chars]"
,PC Gamer,28,dave.james@futurenet.com (Dave James),Nvidia CEO hails ChatGPT as 'one of the greatest things that has ever been done for computing',"Jen-Hsun says ""it'll make everything better… it'll make everything better.""",https://www.pcgamer.com/nvidia-ceo-hails-chatgpt-as-one-of-the-greatest-things-that-has-ever-been-done-for-computing/,https://cdn.mos.cms.futurecdn.net/awJKGgXMiHgn63zKjqXBKG-1200-80.gif,2023-02-13T14:39:57Z,"Nvidia's CEO, Jen-Hsun Huang, has called what OpenAI has done with ChatGPT ""genuinely, one of the greatest things that has ever been done for computing."" And I'm confident his effusive praise for the… [+3846 chars]"
,Seeking Alpha,29,The Value Pendulum,Zhihu: Risk-Reward Is Balanced,Zhihu's shares have outperformed the broader market in this year thus far. Click here to read my analysis of ZH stock and why it's a hold.,https://seekingalpha.com/article/4578578-zhihu-risk-reward-is-balanced,https://static.seekingalpha.com/cdn/s3/uploads/getty_images/1156622227/image_1156622227.jpg?io=getty-c-w1536,2023-02-15T17:06:28Z,"Olivier Le Moal/iStock via Getty Images
Elevator Pitch
 I have a Hold rating for Zhihu Inc.'s (NYSE:ZH) [2390:HK] stock.
 With my earlier December 6, 2022 update for Zhihu, I wrote about how ZH is… [+5650 chars]"
,Seeking Alpha,30,SA Transcripts,"Know Labs, Inc. (KNW) Q1 2023 Earnings Call Transcript","Know Labs, Inc. (NYSE:NYSE:KNW) Q1 2023 Earnings Conference Call February 14, 2023 4:30 PM ETCompany ParticipantsJordyn Hujar - Chief of StaffRon Erickson - Chairman and Chief Executive...",https://seekingalpha.com/article/4579464-know-labs-inc-knw-q1-2023-earnings-call-transcript,https://static.seekingalpha.com/assets/og_image_1200-29b2bfe1a595477db6826bd2126c63ac2091efb7ec76347a8e7f81ba17e3de6c.png,2023-02-17T14:14:06Z,"Know Labs, Inc. (NYSE:KNW) Q1 2023 Earnings Conference Call February 14, 2023 4:30 PM ET
 Company Participants
 Jordyn Hujar - Chief of Staff
 Ron Erickson - Chairman and Chief Executive Officer
… [+19977 chars]"
,Seeking Alpha,31,SA Transcripts,"Marchex, Inc. (MCHX) Q4 2022 Earnings Call Transcript","Marchex, Inc. (NASDAQ:NASDAQ:MCHX) Q4 2022 Earnings Conference Call February 28, 2023 5:00 PM ETCompany ParticipantsTrevor Caldwell - Investor RelationsEdwin Miller - CEOMichael Arends -...",https://seekingalpha.com/article/4583193-marchex-inc-mchx-q4-2022-earnings-call-transcript,https://static.seekingalpha.com/assets/og_image_1200-29b2bfe1a595477db6826bd2126c63ac2091efb7ec76347a8e7f81ba17e3de6c.png,2023-03-01T04:06:04Z,"Marchex, Inc. (NASDAQ:MCHX) Q4 2022 Earnings Conference Call February 28, 2023 5:00 PM ET
 Company Participants
 Trevor Caldwell - Investor Relations
 Edwin Miller - CEO
 Michael Arends - Vice Ch… [+25297 chars]"
,Seeking Alpha,32,SA Transcripts,Fresh Del Monte Produce Inc. (FDP) Q4 2022 Earnings Call Transcript,"Fresh Del Monte Produce Inc. (NYSE:NYSE:FDP) Q4 2022 Earnings Conference Call February 22, 2023 10:00 AM ETCompany ParticipantsClaudia Pou - VP, Corporate CommunicationsMohammad...",https://seekingalpha.com/article/4580759-fresh-del-monte-produce-inc-fdp-q4-2022-earnings-call-transcript,https://static.seekingalpha.com/assets/og_image_1200-29b2bfe1a595477db6826bd2126c63ac2091efb7ec76347a8e7f81ba17e3de6c.png,2023-02-22T18:53:02Z,"Fresh Del Monte Produce Inc. (NYSE:FDP) Q4 2022 Earnings Conference Call February 22, 2023 10:00 AM ET
 Company Participants
 Claudia Pou - VP, Corporate Communications
 Mohammad Abu-Ghazaleh - Ch… [+20570 chars]"
,Seeking Alpha,33,SA Transcripts,"iQIYI, Inc. (IQ) Q4 2022 Earnings Call Transcript","iQIYI, Inc. (NASDAQ:NASDAQ:IQ) Q4 2022 Earnings Conference Call February 22, 2023 6:30 AM ETCompany ParticipantsChang Yu - Director of Investor RelationsYu Gong - Founder, Director and...",https://seekingalpha.com/article/4580656-iqiyi-inc-iq-q4-2022-earnings-call-transcript,https://static.seekingalpha.com/assets/og_image_1200-29b2bfe1a595477db6826bd2126c63ac2091efb7ec76347a8e7f81ba17e3de6c.png,2023-02-22T15:53:06Z,"iQIYI, Inc. (NASDAQ:IQ) Q4 2022 Earnings Conference Call February 22, 2023 6:30 AM ET
 Company Participants
 Chang Yu - Director of Investor Relations
 Yu Gong - Founder, Director and Chief Execut… [+33060 chars]"
,Seeking Alpha,34,SA Transcripts,"Nerdy, Inc. (NRDY) Q4 2022 Earnings Call Transcript","Nerdy, Inc. (NYSE:NYSE:NRDY) Q4 2022 Earnings Conference Call February 28, 2023 5:00 PM ETCompany ParticipantsChuck Cohn - Founder, Chairman and Chief Executive OfficerJason Pello - Chief...",https://seekingalpha.com/article/4583126-nerdy-inc-nrdy-q4-2022-earnings-call-transcript,https://static.seekingalpha.com/assets/og_image_1200-29b2bfe1a595477db6826bd2126c63ac2091efb7ec76347a8e7f81ba17e3de6c.png,2023-03-01T02:17:05Z,"Nerdy, Inc. (NYSE:NRDY) Q4 2022 Earnings Conference Call February 28, 2023 5:00 PM ET
 Company Participants
 Chuck Cohn - Founder, Chairman and Chief Executive Officer
 Jason Pello - Chief Financi… [+48945 chars]"
,Seeking Alpha,35,SA Transcripts,EssilorLuxottica Société anonyme (ESLOF) Q4 2022 Earnings Call Transcript,"EssilorLuxottica Société anonyme (OTCPK:ESLOF) Q4 2022 Earnings Conference Call February 23, 2023 4:30 AM ETCompany ParticipantsGiorgio Iannella - Head of Investor RelationsFrancesco...",https://seekingalpha.com/article/4581279-essilorluxottica-societe-anonyme-eslof-q4-2022-earnings-call-transcript,https://static.seekingalpha.com/assets/og_image_1200-29b2bfe1a595477db6826bd2126c63ac2091efb7ec76347a8e7f81ba17e3de6c.png,2023-02-23T18:14:05Z,"EssilorLuxottica Société anonyme (OTCPK:ESLOF) Q4 2022 Earnings Conference Call February 23, 2023 4:30 AM ET
 Company Participants
 Giorgio Iannella - Head of Investor Relations
 Francesco Milleri… [+47081 chars]"
,Seeking Alpha,36,SA Transcripts,"Sterling Infrastructure, Inc. (STRL) Q4 2022 Earnings Call Transcript","Sterling Infrastructure, Inc. (NASDAQ:NASDAQ:STRL) Q4 2022 Earnings Conference Call February 28, 2023 9:00 AM ETCompany ParticipantsJoe Cutillo - CEORon Ballschmiede - CFOConference Call...",https://seekingalpha.com/article/4582993-sterling-infrastructure-inc-strl-q4-2022-earnings-call-transcript,https://static.seekingalpha.com/assets/og_image_1200-29b2bfe1a595477db6826bd2126c63ac2091efb7ec76347a8e7f81ba17e3de6c.png,2023-02-28T20:30:12Z,"Sterling Infrastructure, Inc. (NASDAQ:STRL) Q4 2022 Earnings Conference Call February 28, 2023 9:00 AM ET
 Company Participants
 Joe Cutillo - CEO
 Ron Ballschmiede - CFO
 Conference Call Partici… [+36828 chars]"
,Seeking Alpha,37,SA Transcripts,Teradata Corporation (TDC) Q4 2022 Earnings Call Transcript,"Teradata Corporation (NYSE:NYSE:TDC) Q4 2022 Earnings Conference Call February 13, 2023 8:00 AM ETCompany ParticipantsChristopher Lee - Senior Vice President of Investor Relations &...",https://seekingalpha.com/article/4577844-teradata-corporation-tdc-q4-2022-earnings-call-transcript,https://static.seekingalpha.com/assets/og_image_1200-29b2bfe1a595477db6826bd2126c63ac2091efb7ec76347a8e7f81ba17e3de6c.png,2023-02-13T16:59:07Z,"Teradata Corporation (NYSE:TDC) Q4 2022 Earnings Conference Call February 13, 2023 8:00 AM ET
 Company Participants
 Christopher Lee - Senior Vice President of Investor Relations &amp; Corporate De… [+49522 chars]"
,Seeking Alpha,38,SA Transcripts,Atos SE (AEXAF) Q4 2022 Earnings Call Transcript,"Atos SE (OTCPK:AEXAF) Q4 2022 Earnings Conference Call March 1, 2023 2:00 AM ETCompany ParticipantsNourdine Bihmane - Group Chief Executive Officer & Co- Chief Executive Officer, Tech...",https://seekingalpha.com/article/4583375-atos-se-aexaf-q4-2022-earnings-call-transcript,https://static.seekingalpha.com/assets/og_image_1200-29b2bfe1a595477db6826bd2126c63ac2091efb7ec76347a8e7f81ba17e3de6c.png,2023-03-01T15:38:03Z,"Atos SE (OTCPK:AEXAF) Q4 2022 Earnings Conference Call March 1, 2023 2:00 AM ET
 Company Participants
 Nourdine Bihmane - Group Chief Executive Officer &amp; Co- Chief Executive Officer, Tech Found… [+48292 chars]"
,Seeking Alpha,39,SA Transcripts,fuboTV Inc. (FUBO) Q4 2022 Earnings Call Transcript,"fuboTV Inc. (NYSE:NYSE:FUBO) Q4 2022 Earnings Conference Call February 27, 2023 8:30 AM ETCompany ParticipantsAlison Sternberg - Senior Vice President, Investor RelationsDavid Gandler -...",https://seekingalpha.com/article/4582481-fubotv-inc-fubo-q4-2022-earnings-call-transcript,https://static.seekingalpha.com/assets/og_image_1200-29b2bfe1a595477db6826bd2126c63ac2091efb7ec76347a8e7f81ba17e3de6c.png,2023-02-27T18:23:05Z,"fuboTV Inc. (NYSE:FUBO) Q4 2022 Earnings Conference Call February 27, 2023 8:30 AM ET
 Company Participants
 Alison Sternberg - Senior Vice President, Investor Relations
 David Gandler - Co-Founde… [+50212 chars]"
,Seeking Alpha,40,SA Transcripts,"Dine Brands Global, Inc. (DIN) Q4 2022 Earnings Call Transcript","Dine Brands Global, Inc. (NYSE:NYSE:DIN) Q4 2022 Earnings Conference Call March 1, 2023 9:00 AM ETCompany ParticipantsBrett Levy - VP, IR & TreasuryJohn Peyton - CEOVance Chang -...",https://seekingalpha.com/article/4583463-dine-brands-global-inc-din-q4-2022-earnings-call-transcript,https://static.seekingalpha.com/assets/og_image_1200-29b2bfe1a595477db6826bd2126c63ac2091efb7ec76347a8e7f81ba17e3de6c.png,2023-03-01T18:18:02Z,"Dine Brands Global, Inc. (NYSE:DIN) Q4 2022 Earnings Conference Call March 1, 2023 9:00 AM ET
 Company Participants
 Brett Levy - VP, IR &amp; Treasury
 John Peyton - CEO
 Vance Chang - CFO
 Ton… [+49770 chars]"
,Seeking Alpha,41,SA Transcripts,PAR Technology Corporation (PAR) Q4 2022 Earnings Call Transcript,"PAR Technology Corporation (NYSE:NYSE:PAR) Q4 2022 Earnings Conference Call March 1, 2023 9:00 AM ETCompany ParticipantsChris Byrnes - SVP-Business DevelopmentSavneet Singh - CEO and...",https://seekingalpha.com/article/4583524-par-technology-corporation-par-q4-2022-earnings-call-transcript,https://static.seekingalpha.com/assets/og_image_1200-29b2bfe1a595477db6826bd2126c63ac2091efb7ec76347a8e7f81ba17e3de6c.png,2023-03-01T20:20:23Z,"PAR Technology Corporation (NYSE:PAR) Q4 2022 Earnings Conference Call March 1, 2023 9:00 AM ET
 Company Participants
 Chris Byrnes - SVP-Business Development
 Savneet Singh - CEO and President
 … [+49505 chars]"
,Seeking Alpha,42,SA Transcripts,Appen Limited (APPEF) Q4 2022 Earnings Call Transcript,"Appen Limited (OTCPK:APPEF) Q4 2022 Results Conference Call February 26, 2022 7:00 PM ETCompany ParticipantsArmughan Ahmad - President, CEOKevin Levine - CFOConference Call ParticipantsJosh...",https://seekingalpha.com/article/4582466-appen-limited-appef-q4-2022-earnings-call-transcript,https://static.seekingalpha.com/assets/og_image_1200-29b2bfe1a595477db6826bd2126c63ac2091efb7ec76347a8e7f81ba17e3de6c.png,2023-02-27T17:57:08Z,"Appen Limited (OTCPK:APPEF) Q4 2022 Results Conference Call February 26, 2022 7:00 PM ET
 Company Participants
 Armughan Ahmad - President, CEO
 Kevin Levine - CFO
 Conference Call Participants
… [+71886 chars]"
,Seeking Alpha,43,SA Transcripts,"Mapfre, S.A. (MPFRF) Q4 2022 Earnings Call Transcript","Mapfre, S.A. (OTCPK:MPFRF) Q4 2022 Earnings Conference Call February 9, 2023 6:30 AM ETCompany ParticipantsFelipe Navarro - Head of Investor Relations, Capital Markets & Corporate...",https://seekingalpha.com/article/4577797-mapfre-s-mpfrf-q4-2022-earnings-call-transcript,https://static.seekingalpha.com/assets/og_image_1200-29b2bfe1a595477db6826bd2126c63ac2091efb7ec76347a8e7f81ba17e3de6c.png,2023-02-13T14:44:06Z,"Mapfre, S.A. (OTCPK:MPFRF) Q4 2022 Earnings Conference Call February 9, 2023 6:30 AM ET
 Company Participants
 Felipe Navarro - Head of Investor Relations, Capital Markets &amp; Corporate Treasurer… [+74955 chars]"
,Seeking Alpha,44,SA Transcripts,Unisys Corp (UIS) Q4 2022 Earnings Call Transcript,"Unisys Corp (NYSE:NYSE:UIS) Q4 2022 Earnings Conference Call February 23, 2023 8:00 AM ETCompany ParticipantsMichaela Pewarski - VP, IRPeter Altabef - Chairman & CEODebra McCann - EVP...",https://seekingalpha.com/article/4581283-unisys-corp-uis-q4-2022-earnings-call-transcript,https://static.seekingalpha.com/assets/og_image_1200-29b2bfe1a595477db6826bd2126c63ac2091efb7ec76347a8e7f81ba17e3de6c.png,2023-02-23T18:18:04Z,"Unisys Corp (NYSE:UIS) Q4 2022 Earnings Conference Call February 23, 2023 8:00 AM ET
 Company Participants
 Michaela Pewarski - VP, IR
 Peter Altabef - Chairman &amp; CEO
 Debra McCann - EVP &amp… [+55350 chars]"
,Seeking Alpha,45,SA Transcripts,Serco Group plc (SECCF) Q4 2022 Earnings Call Transcript,"Serco Group plc (OTCPK:SECCF) Q4 2022 Results Conference Call February 28, 2023 5:00 AM ETCompany ParticipantsMark Irwin - Group CEO & DirectorNigel Crossley - Group CFO &...",https://seekingalpha.com/article/4583025-serco-group-plc-seccf-q4-2022-earnings-call-transcript,https://static.seekingalpha.com/assets/og_image_1200-29b2bfe1a595477db6826bd2126c63ac2091efb7ec76347a8e7f81ba17e3de6c.png,2023-02-28T21:37:05Z,"Serco Group plc (OTCPK:SECCF) Q4 2022 Results Conference Call February 28, 2023 5:00 AM ET
 Company Participants
 Mark Irwin - Group CEO &amp; Director
 Nigel Crossley - Group CFO &amp; Director
… [+60292 chars]"
,Seeking Alpha,46,SA Transcripts,Schindler Holding AG Bearer Participation Certificates (SHLAF) Q4 2022 Earnings Call Transcript,"Schindler Holding AG Bearer Participation Certificates (OTCPK:SHLAF) Q4 2022 Earnings Conference Call February 22, 2023 3:30 AM ETCompany ParticipantsMarco Knuchel - Head of IRSilvio Napoli...",https://seekingalpha.com/article/4582009-schindler-holding-ag-bearer-participation-certificates-shlaf-q4-2022-earnings-call-transcript,https://static.seekingalpha.com/assets/og_image_1200-29b2bfe1a595477db6826bd2126c63ac2091efb7ec76347a8e7f81ba17e3de6c.png,2023-02-25T15:44:08Z,"Schindler Holding AG Bearer Participation Certificates (OTCPK:SHLAF) Q4 2022 Earnings Conference Call February 22, 2023 3:30 AM ET
 Company Participants
 Marco Knuchel - Head of IR
 Silvio Napoli … [+82800 chars]"
,Seeking Alpha,47,SA Transcripts,"NetApp, Inc. (NTAP) Q3 2023 Earnings Call Transcript","NetApp, Inc. (NASDAQ:NASDAQ:NTAP) Q3 2023 Results Conference Call February 22, 2023 5:00 PM ETCompany ParticipantsKris Newton - VP, IRGeorge Kurian - CEOMike Berry - CFOConference Call...",https://seekingalpha.com/article/4580928-netapp-inc-ntap-q3-2023-earnings-call-transcript,https://static.seekingalpha.com/assets/og_image_1200-29b2bfe1a595477db6826bd2126c63ac2091efb7ec76347a8e7f81ba17e3de6c.png,2023-02-23T02:05:03Z,"NetApp, Inc. (NASDAQ:NTAP) Q3 2023 Results Conference Call February 22, 2023 5:00 PM ET
 Company Participants
 Kris Newton - VP, IR
 George Kurian - CEO
 Mike Berry - CFO
 Conference Call Partic… [+62218 chars]"
,Seeking Alpha,48,SA Transcripts,JFrog Ltd. (FROG) Q4 2022 Earnings Call Transcript,"JFrog Ltd. (NASDAQ:NASDAQ:FROG) Q4 2022 Earnings Conference Call February 8, 2023 5:00 PM ETCompany ParticipantsJeff Schreiner - VP, IRShlomi Ben Haim - CEO and Co-FounderJacob Shulman -...",https://seekingalpha.com/article/4576645-jfrog-ltd-frog-q4-2022-earnings-call-transcript,https://static.seekingalpha.com/assets/og_image_1200-29b2bfe1a595477db6826bd2126c63ac2091efb7ec76347a8e7f81ba17e3de6c.png,2023-02-09T04:46:05Z,"JFrog Ltd. (NASDAQ:FROG) Q4 2022 Earnings Conference Call February 8, 2023 5:00 PM ET
 Company Participants
 Jeff Schreiner - VP, IR
 Shlomi Ben Haim - CEO and Co-Founder
 Jacob Shulman - CFO
 C… [+52366 chars]"
,Seeking Alpha,49,SA Transcripts,AGL Energy Limited (AGLNF) Q2 2023 Earnings Call Transcript,"AGL Energy Limited (OTCPK:AGLNF) Q2 2023 Earnings Conference Call February 8, 2023 6:45 PM ETCompany ParticipantsDamien Nicks - CEO, MDGary Brown - CFOMarkus Brokhof - COOJo Egan - Chief...",https://seekingalpha.com/article/4576637-agl-energy-limited-aglnf-q2-2023-earnings-call-transcript,https://static.seekingalpha.com/assets/og_image_1200-29b2bfe1a595477db6826bd2126c63ac2091efb7ec76347a8e7f81ba17e3de6c.png,2023-02-09T04:12:04Z,"AGL Energy Limited (OTCPK:AGLNF) Q2 2023 Earnings Conference Call February 8, 2023 6:45 PM ET
 Company Participants
 Damien Nicks - CEO, MD
 Gary Brown - CFO
 Markus Brokhof - COO
 Jo Egan - Chi… [+56141 chars]"
,Seeking Alpha,50,SA Transcripts,"CareDx, Inc. (CDNA) Q4 2022 Results Earnings Call Transcript","CareDx, Inc. (NASDAQ:NASDAQ:CDNA) Q4 2022 Earnings Conference Call February 27, 2023 4:30 PM ETCompany ParticipantsGreg Chodaczek - IRReginald Seeto - CEOAbhishek Jain - Interim...",https://seekingalpha.com/article/4582607-caredx-inc-cdna-q4-2022-results-earnings-call-transcript,https://static.seekingalpha.com/assets/og_image_1200-29b2bfe1a595477db6826bd2126c63ac2091efb7ec76347a8e7f81ba17e3de6c.png,2023-02-28T03:37:04Z,"CareDx, Inc. (NASDAQ:CDNA) Q4 2022 Earnings Conference Call February 27, 2023 4:30 PM ET
 Company Participants
 Greg Chodaczek - IR
 Reginald Seeto - CEO
 Abhishek Jain - Interim CFO
 Conference… [+55911 chars]"
,Seeking Alpha,51,SA Transcripts,"AvidXchange Holdings, Inc. (AVDX) Q4 2022 Earnings Call Transcript","AvidXchange Holdings, Inc. (NASDAQ:NASDAQ:AVDX) Q4 2022 Earnings Conference Call March 1, 2023 10:00 AM ETCompany ParticipantsMike Praeger - Co-Founder & Chief Executive OfficerJoel...",https://seekingalpha.com/article/4583414-avidxchange-holdings-inc-avdx-q4-2022-earnings-call-transcript,https://static.seekingalpha.com/assets/og_image_1200-29b2bfe1a595477db6826bd2126c63ac2091efb7ec76347a8e7f81ba17e3de6c.png,2023-03-01T17:06:03Z,"AvidXchange Holdings, Inc. (NASDAQ:AVDX) Q4 2022 Earnings Conference Call March 1, 2023 10:00 AM ET
 Company Participants
 Mike Praeger - Co-Founder &amp; Chief Executive Officer
 Joel Wilhite - C… [+67027 chars]"
,Seeking Alpha,52,SA Transcripts,Royal Bank of Canada (RY) Q1 2023 Earnings Call Transcript,"Royal Bank of Canada (NYSE:NYSE:RY) Q1 2023 Results Conference Call March 1, 2023 8:00 AM ETCompany ParticipantsAsim Imran - Head, Investor RelationsDave McKay - President and Chief...",https://seekingalpha.com/article/4583472-royal-bank-of-canada-ry-q1-2023-earnings-call-transcript,https://static.seekingalpha.com/assets/og_image_1200-29b2bfe1a595477db6826bd2126c63ac2091efb7ec76347a8e7f81ba17e3de6c.png,2023-03-01T18:35:06Z,"Royal Bank of Canada (NYSE:RY) Q1 2023 Results Conference Call March 1, 2023 8:00 AM ET
 Company Participants
 Asim Imran - Head, Investor Relations
 Dave McKay - President and Chief Executive Off… [+70168 chars]"
,TechSpot,53,Rob Thubron,Nvidia boss Jensen Huang calls ChatGPT the greatest thing to ever happen to the computing industry,"Generative AIs, especially GhatGPT, have seen their popularity explode in recent months, with companies rushing to implement them into their products. It's also led to the launch of hundreds of startups based around the technology. Nvidia boss Huang recently …",https://www.techspot.com/news/97584-nvidia-boss-jensen-huang-calls-chatgpt-greatest-thing.html,https://static.techspot.com/images2/news/bigimage/2019/01/2019-01-10-image-12-j.webp,2023-02-13T14:58:00Z,"What just happened? Jensen Huang, the co-founder and CEO of Nvidia, has been singing the praises of ChatGPT, calling it an ""iPhone moment"" for artificial intelligence and the greatest thing to ever h… [+2790 chars]"
,Los Angeles Times,54,Wendy Lee,ChatGPT who? Ari Emanuel lets his AI alter ego open Endeavor's earnings call,"In a stunt, the Endeavor earnings call opened with remarks from CEO Ari Emanuel's synthetic voice created by AI technology from Speechify.",https://www.latimes.com/entertainment-arts/business/story/2023-02-28/chatgpt-who-ari-emanuel-lets-his-ai-alter-ego-open-endeavors-earnings-call,https://ca-times.brightspotcdn.com/dims4/default/c98c745/2147483647/strip/true/crop/3840x2016+0+0/resize/1200x630!/quality/80/?url=https%3A%2F%2Fcalifornia-times-brightspot.s3.amazonaws.com%2F59%2Fac%2F8a5db4f24e05a71e3e516c6f1117%2Fla-ca-ari-emanuel-patrick-whitesell.jpg,2023-03-01T01:25:41Z,"Corporate executives can often sound like robots during their post-earnings conference calls with Wall Street analysts. 
Ari Emanuel, chief executive of talent agency and UFC owner Endeavor, has tak… [+2806 chars]"
,Los Angeles Times,55,Charles McNulty,Review: Why the new intergalactic musical 'Come Get Maggie' is light-years from being ready,"With the premiere of Diane Frolov and Susan Justin's 'Come Get Maggie,' Rogue Machine Theatre produces its first musical.",https://www.latimes.com/entertainment-arts/story/2023-02-15/come-get-maggie-space-age-musical-rogue-machine-review,https://ca-times.brightspotcdn.com/dims4/default/cb5185d/2147483647/strip/true/crop/2000x1050+0+134/resize/1200x630!/quality/80/?url=https%3A%2F%2Fcalifornia-times-brightspot.s3.amazonaws.com%2Fe0%2F84%2Fa35acf10444c84dffb2418ccb3c3%2F98604aad-a7fa-4814-8b93-497a10bdd129.jpeg,2023-02-15T14:00:46Z,"Few things are as difficult to pull off as giving birth to a new musical. But launching a rocket to Pluto might be easier than creating a new musical about space aliens.
For confirmation, take a gan… [+4081 chars]"
,Languagehat.com,56,languagehat,Linguist vs. Chatbots.,I’ve been avoiding the whole hullabaloo about ChatGPT and related topics not because it doesn’t interest me but because I had nothing interesting to say about it — I shake my head at people’s eagerness to believe that such programs are actually communicating …,https://languagehat.com/linguist-vs-chatbots/,,2023-03-05T21:18:32Z,I’ve been avoiding the whole hullabaloo about ChatGPT and related topics not because it doesn’t interest me but because I had nothing interesting to say about it — I shake my head at people’s eagerne… [+16553 chars]
,Help Net Security,57,Help Net Security,Cybersecurity takes a leap forward with AI tools and techniques,"Scientists have taken a key step toward harnessing a form of artificial intelligence known as deep reinforcement learning, or DRL, to protect computer networks. Autonomus cyber defense framework When faced with sophisticated cyberattacks in a rigorous simulat…",https://www.helpnetsecurity.com/2023/02/20/cybersecurity-ai-tools-techniques/,https://img.helpnetsecurity.com/wp-content/uploads/2023/02/17094314/artificial-intelligence-ai-hns.jpg,2023-02-20T06:00:14Z,"Scientists have taken a key step toward harnessing a form of artificial intelligence known as deep reinforcement learning, or DRL, to protect computer networks.
Autonomus cyber defense framework
Wh… [+5760 chars]"
,CleanTechnica,58,U.S. Department of Energy,Cybersecurity Defenders Are Expanding Their AI Toolbox,"Markus Spiske on Unsplash
"" data-image-caption="" Photo by Markus Spiske on Unsplash
"" data-medium-file=""https://cleantechnica.com/files/2023/02/markus-spiske-iar-afB0QQw-unsplash-e1676830932289-400x267.jpg"" data-large-file=""https://cleantechnica.com/files/202…",https://cleantechnica.com/2023/02/19/cybersecurity-defenders-are-expanding-their-ai-toolbox/,https://cleantechnica.com/files/2023/02/markus-spiske-iar-afB0QQw-unsplash-e1676830932289.jpg,2023-02-19T22:27:03Z,"Scientists have taken a key step toward harnessing a form of artificial intelligence known as deep reinforcement learning, or DRL, to protect computer networks.
When faced with sophisticated cyberat… [+6524 chars]"
,GeekWire,59,Kurt Schlosser,"Code.org CEO on the nonprofit’s first 10 years, and the impact of AI on teaching computer science","When the Seattle-based nonprofit Code.org launched in 2013 with a mission to spread computer science knowledge, co-founders Hadi and Ali Partovi enlisted some of the most successful coders on the planet to champion their cause. In a YouTube video titled “What…",https://www.geekwire.com/2023/code-org-ceo-on-the-nonprofits-first-10-years-and-the-impact-of-ai-on-teaching-computer-science/,https://cdn.geekwire.com/wp-content/uploads/2023/03/code2013-1.jpeg,2023-03-04T16:00:00Z,"The Code.org leadership team in 2013, from left: Michelle Page, Cameron Wilson, Hadi Partovi, Ali Partovi, James Gwertzman and Pat Yongpradit. (Twitter Photo via @hadip)
When the Seattle-based nonpr… [+8313 chars]"
new-york-magazine,New York Magazine,60,Elizabeth Weil,You Are Not a Parrot,You are not a parrot. And a chatbot is not a human. And a linguist named Emily M. Bender is very worried what will happen when we forget this.,http://nymag.com/intelligencer/article/ai-artificial-intelligence-chatbots-emily-m-bender.html,https://pyxis.nymag.com/v1/imgs/920/1f7/2fa484190172e09ac140a16b232a4d6533-0523FEA-AIEthics--IAN7000-flat.1x.rsocial.w1200.jpg,2023-03-01T13:00:16Z,Nobody likes an I-told-you-so. But before Microsofts Bing started cranking out creepy love letters; before Metas Galactica spewed racist rants; before ChatGPT began writing such perfectly decent coll… [+36922 chars]
,Malwarebytes.com,61,/blog/authors/metallicamvp,Jailbreaking ChatGPT and other large language models while we can,"<table><tr><td>Categories: News
Tags: ChatGPT

Tags: DAN

Tags: Bing Chat

Tags: Chinese

Tags: large language model

Tags: jailbreak

Large language models like ChatGPT are now being tested by the public and, no surprise here, researchers are finding …",https://www.malwarebytes.com/blog/news/2023/02/jailbreaking-large-language-models-like-chatgp-while-we-still-can,https://www.malwarebytes.com/blog/news/2023/02/asset_upload_file2915_259026.png,2023-02-13T09:15:00Z,The introduction of ChatGPT launched an arms race between tech giants. The rush to be the first to incorporate a similar large language model (LLM) into their own offerings (read: search engines) may… [+6268 chars]
,Johnaugust.com,62,Drew Marquardt,"Scriptnotes, Episode 573: Three Page Challenge Live in Austin, Transcript","The original post for this episode can be found here. John August: Hey, this is John. Today’s episode was recorded live last week at the Austin Film Festival. This was the day after our big, raucous live show. This is a more sedated affair, but still a pretty…",https://johnaugust.com/2023/scriptnotes-episode-573-three-page-challenge-live-in-austin-transcript,https://johnaugust.com/wp-content/uploads/2021/04/ja-tw-card-small.png,2023-02-24T23:54:06Z,"The original post for this episode can be found here.
John August: Hey, this is John. Todays episode was recorded live last week at the Austin Film Festival. This was the day after our big, raucous … [+62312 chars]"
rt,RT,63,RT,AI ‘stresses me out’ – Musk,Tesla CEO Elon Musk has reiterated a call for tougher regulation of artificial intelligence   Read Full Article at RT.com,https://www.rt.com/news/572311-musk-tesla-optimus-ai/,https://mf.b37mrtl.ru/files/2023.03/article/6400704f2030275b9755947f.jpg,2023-03-02T10:03:05Z,"Tesla CEO Elon Musk has described the company as a leader in “real world AI,” but at the same time called for tougher oversight of artificial intelligence technology. The billionaire confessed that h… [+1876 chars]"
,Bleeding Cool News,64,Tom Chang,"Star Trek: Picard Showrunner on Jurati Borg, ""Real Borg"" S03 Statuses","Fans might not always be on top of casting announcements, but that doesn't stop Terry Matalas from answering leftover questions as it pertains to characters from previous seasons of Star Trek: Picard. Entering season three, only Patrick Stewart (Jean-Luc Pica…",https://bleedingcool.com/tv/star-trek-picard-showrunner-on-jurati-borg-real-borg-s03-statuses/,https://bleedingcool.com/wp-content/uploads/2023/02/Star-Trek-Picard-210-Alison-Pill-1200x628.jpg,2023-02-28T03:38:11Z,"Star Trek: Picard EP &amp; showrunner Terry Matalas responds to a fan about the season 3 statuses of the Jurati Collective &amp; the ""real Borg.""
Fans might not always be on top of casting announcem… [+3399 chars]"
,GeekWire,65,Alan Boyle,Get a reality check on quantum computing vs. ‘Quantumania’ in Marvel’s latest movie,"Ant-Man may be getting small in Marvel’s latest superhero movie — but in the real world, quantum is getting big. Quantum information science is one of the top tech priorities for the White House, right up there with artificial intelligence. Microsoft, Google,…",https://www.geekwire.com/2023/reality-check-quantum-computing-quantumania/,https://cdn.geekwire.com/wp-content/uploads/2023/02/230214-antman4.jpg,2023-02-16T18:46:24Z,"Ant-Man (Paul Rudd), Cassie Lang (Kathryn Newton) and the Wasp (Evangeline Lilly) face a supervillain in Ant-Man and the Wasp: Quantumania. (Photo Courtesy of Marvel Studios)
Ant-Man may be getting … [+8102 chars]"
,Kdnuggets.com,66,Kanwal Mehreen,Free TensorFlow 2.0 Complete Course,"Are you a beginner python programmer aiming to make a career in Machine Learning? If yes, then you are at the right place! This FREE tutorial will give you a solid understanding of the foundations of Machine Learning and Neural Networks using TensorFlow 2.0.",https://www.kdnuggets.com/2023/02/free-tensorflow-20-complete-course.html,https://www.kdnuggets.com/wp-content/uploads/mehreen_free_tensorflow_20_complete_course_1.png,2023-02-23T15:00:02Z,"Image by Author
Introduction
AI solutions and machine learning systems have revolutionized everything from the way we work to the way we learn. It has achieved an inflection point and is shaping th… [+4838 chars]"
,NBCSports.com,67,Peter King,"FMIA: Jonathan Gannon on Philly’s Defensive Breakdown, and More from My Super Bowl Notebook","Cleaning out the Super Bowl 57 notebook, starting with the incredulity, even a week later, of how Kansas City won—and Andy Reid’s “Beautiful Mind Board:”Three years ago, I rode to work one morning with Andy Reid before the Kansas City-San Francisco Super Bowl…",https://profootballtalk.nbcsports.com/2023/02/20/fmia-super-bowl-eagles-chiefs-jonathan-gannon/,https://profootballtalk.nbcsports.com/wp-content/uploads/sites/25/2023/02/MicrosoftTeams-image-11.jpg,2023-02-20T05:05:20Z,"Cleaning out the Super Bowl 57 notebook, starting with the incredulity, even a week later, of how Kansas City wonand Andy Reids Beautiful Mind Board:
Three years ago, I rode to work one morning with… [+46454 chars]"
,Coursera.org,68,Erin Dolan,A Q+A with AI UVA Professor Rajkumar Venkatesan,"Winning digital marketing strategies are driven by innovative marketing leaders who relentlessly pursue new ways to connect with their markets using the latest digital tools, from artificial intelligence (AI) to machine learning and more. The AI Marketing Cer…",https://blog.coursera.org/a-qa-with-ai-uva-professor-rajkumar-venkatesan/,https://149357281.v2.pressablecdn.com/wp-content/uploads/2023/02/1_WsduwY6wcJ3PQvAu3tlTwg.jpeg,2023-02-13T20:36:27Z,"Winning digital marketing strategies are driven by innovative marketing leaders who relentlessly pursue new ways to connect with their markets using the latest digital tools, from artificial intellig… [+5286 chars]"
independent,Independent,69,Richard Vernalls,Boy who murdered Asda shopper after supermarket toilet row detained for life,"Ian Kirwan was knifed to death after row with youths in Redditch, Worcestershire",https://www.independent.co.uk/news/uk/crime/ian-kirwan-asda-murder-sentence-b2282879.html,https://static.independent.co.uk/2023/02/15/15/431af0b101471dccbe7846f5d6a46333Y29udGVudHNlYXJjaGFwaSwxNjc2NTQzNTA5-2.65853269.jpg?quality=75&width=1200&auto=webp,2023-02-15T15:30:10Z,"For free real time breaking news alerts sent straight to your inbox sign up to our breaking news emails
Sign up to our free breaking news emails
A 15-year-old boy has been detained at His Majestys … [+1804 chars]"
independent,Independent,70,Richard Vernalls,"Boy, 15, detained for life after supermarket row knife murder",Ian Kirwan was knifed to death after a row with youths who were messing about in supermarket toilets,https://www.independent.co.uk/news/uk/crime/worcestershire-asda-birmingham-birmingham-crown-court-coventry-b2282877.html,https://static.independent.co.uk/2023/02/15/15/431af0b101471dccbe7846f5d6a46333Y29udGVudHNlYXJjaGFwaSwxNjc2NTQzNTA5-2.65853269.jpg?quality=75&width=1200&auto=webp,2023-02-15T15:21:07Z,"For free real time breaking news alerts sent straight to your inbox sign up to our breaking news emails
Sign up to our free breaking news emails
A 15-year-old boy has been detained at His Majestys … [+1818 chars]"
independent,Independent,71,Richard Vernalls,"Boy, 15, detained for life for ‘senseless’ supermarket stabbing murder",Ian Kirwan had only gone to buy a light switch when it was his ‘fatal misfortune’ to cross his attackers’ paths.,https://www.independent.co.uk/news/uk/crime/asda-worcestershire-justice-high-court-birmingham-b2282969.html,https://static.independent.co.uk/2023/02/15/16/9a43cb71c12de0a3ec6597475f493daaY29udGVudHNlYXJjaGFwaSwxNjc2NTY0MDk2-2.65853269.jpg?quality=75&width=1200&auto=webp,2023-02-15T16:33:49Z,"For free real time breaking news alerts sent straight to your inbox sign up to our breaking news emails
Sign up to our free breaking news emails
A 15-year-old boy has been detained for life for the… [+5496 chars]"
,Hyperallergic,72,Hrag Vartanian,We Asked AI to Review Refik Anadol’s “Unsupervised” at MoMA,What does the internet's most popular Artificial Intelligence chatbot have to say about Anadol’s AI-based artwork?,http://hyperallergic.com/803577/we-asked-chatgpt-to-review-refik-anadols-unsupervised-at-moma/,https://i0.wp.com/hyperallergic-newspack.s3.amazonaws.com/uploads/2023/02/chatgpt_review_socials.png?fit=1200%2C900&quality=100&ssl=1,2023-02-26T21:10:00Z,"Background image is an installation view of Refik Anadol: Unsupervised at The Museum of Modern Art (background image © 2023 The Museum of Modern Art; photo by Robert Gerhardt)
It seemed only right t… [+5246 chars]"
,Scottaaronson.blog,73,Scott,Why am I not terrified of AI?,"Every week now, it seems, events on the ground make a fresh mockery of those who confidently assert what AI will never be able to do, or won’t do for centuries if ever, or is incoherent even to ask for, or wouldn’t matter even if an AI did appear to do it, or…",https://scottaaronson.blog/?p=7064,https://149663533.v2.pressablecdn.com/wp-content/uploads/2021/10/cropped-Jacket.gif,2023-03-06T16:55:28Z,"Every week now, it seems, events on the ground make a fresh mockery of those who confidently assert what AI will never be able to do, or won’t do for centuries if ever, or is incoherent even to ask f… [+18368 chars]"
,Yahoo Entertainment,74,Inuvo Inc.,"Inuvo to Host Fourth Quarter and Year End 2022 Financial Results Conference Call on Thursday, March 9th at 4:15 P.M. ET","LITTLE ROCK, Ark., March 03, 2023 (GLOBE NEWSWIRE) -- Inuvo, Inc. (NYSE American: INUV), a leading provider of marketing technology, powered by artificial...",https://finance.yahoo.com/news/inuvo-host-fourth-quarter-end-133000220.html,https://s.yimg.com/ny/api/res/1.2/N6.a6fZXj3Sclc8SyQ41wA--/YXBwaWQ9aGlnaGxhbmRlcjt3PTEyMDA7aD0zNDA-/https://media.zenfs.com/en/globenewswire.com/ed12be34f5ac501d7f1f112b55eab7c0,2023-03-03T13:30:00Z,"LITTLE ROCK, Ark., March 03, 2023 (GLOBE NEWSWIRE) -- Inuvo, Inc. (NYSE American: INUV), a leading provider of marketing technology, powered by artificial intelligence (AI) that serves brands and age… [+3373 chars]"
,Yahoo Entertainment,75,"Reliance Global Group, Inc.",Reliance Global Group Expands its RELI Exchange Artificial Intelligence-Based InsurTech Platform with CRM Integration,"Provides enhanced sales tools and streamlines operations for agency partners Auto-population of customer data saves agents’ time, while providing customers...",https://finance.yahoo.com/news/reliance-global-group-expands-reli-133000823.html,https://s.yimg.com/ny/api/res/1.2/WMhIi3g_Y8mlMY4LOEhECg--/YXBwaWQ9aGlnaGxhbmRlcjt3PTEyMDA7aD0yNjM-/https://media.zenfs.com/en/globenewswire.com/7c92e314831579861a8e4eb1db027246,2023-02-13T13:30:00Z,"Reliance Global Group, Inc.
Provides enhanced sales tools and streamlines operations for agency partners
Auto-population of customer data saves agents time, while providing customers more comprehen… [+5662 chars]"
,Yahoo Entertainment,76,PR Newswire,"Canaan Inc. to Report Fourth Quarter and Full Year 2022 Financial Results on March 7, 2023","Canaan Inc. (NASDAQ: CAN) (""Canaan"" or the ""Company""), a leading high-performance computing solutions provider, today announced that it plans to report its...",https://finance.yahoo.com/news/canaan-inc-report-fourth-quarter-100000974.html,https://media.zenfs.com/en/prnewswire.com/1136194b4e2720149e86aa67199da604,2023-02-23T10:00:00Z,"BEIJING, Feb. 23, 2023 /PRNewswire/ -- Canaan Inc. (NASDAQ: CAN) (""Canaan"" or the ""Company""), a leading high-performance computing solutions provider, today announced that it plans to report its fina… [+2458 chars]"
,Yahoo Entertainment,77,Ramish Cheema,12 High Growth SaaS Stocks that are Profitable,"In this piece, we will take a look at 12 high growth SaaS stocks that are profitable. For more stocks, head on over to 5 High Growth SaaS Stocks that are...",https://finance.yahoo.com/news/12-high-growth-saas-stocks-112155672.html,https://media.zenfs.com/en/insidermonkey.com/cebb01b8139e790eb5940d995dc6397d,2023-03-01T11:21:55Z,"In this piece, we will take a look at 12 high growth SaaS stocks that are profitable. For more stocks, head on over to 5 High Growth SaaS Stocks that are Profitable. 
Cloud computing is one of the h… [+10568 chars]"
,Yahoo Entertainment,78,GBT Technologies Inc.,"GBT, through its partially owned subsidiary, is Seeking to Enhance its Avant! AI Technology to Enable Robust and User-Friendly Experience","Improving overall Avant! NLP technology, and updating its Machine Learning Training Models SAN DIEGO, Feb. 28, 2023 (GLOBE NEWSWIRE) -- GBT Technologies Inc....",https://finance.yahoo.com/news/gbt-partially-owned-subsidiary-seeking-123000294.html,https://media.zenfs.com/en/globenewswire.com/c1bd9aa98d5dbd09ce2e377c17f37a52,2023-02-28T12:30:00Z,"Improving overall Avant! NLP technology, and updating its Machine Learning Training Models
SAN DIEGO, Feb. 28, 2023 (GLOBE NEWSWIRE) -- GBT Technologies Inc. (OTC PINK: GTCH) (""GBT, or the Company),… [+6630 chars]"
,Yahoo Entertainment,79,Quash.ai,QUASH.ai Receives $3.7 Million Investment to Expand Reach in Latin America,"QUASH.ai, the leading Artificial Intelligence Platform for Improving Credit Origination for financial institutions in Latin America, has received a $3.7...",https://finance.yahoo.com/news/quash-ai-receives-3-7-020000372.html,https://s.yimg.com/ny/api/res/1.2/ewxqZUtW9mDMBP51fw8iOw--/YXBwaWQ9aGlnaGxhbmRlcjt3PTEyMDA7aD03OTk-/https://media.zenfs.com/en/accesswire.ca/e9cb2d1cc473004cbc1368afcaa667ad,2023-02-11T02:00:00Z,"SAN FRANCISO, CA / ACCESSWIRE / February 10, 2023 / QUASH.ai, the leading Artificial Intelligence Platform for Improving Credit Origination for financial institutions in Latin America, has received a… [+2867 chars]"
,Yahoo Entertainment,80,"KULR Technology Group, Inc.",KULR Sets March 2023 Conference Schedule,"SAN DIEGO, March 06, 2023 (GLOBE NEWSWIRE) -- KULR Technology Group, Inc. (NYSE American: KULR) (the ""Company"" or ""KULR""), a leading energy management...",https://finance.yahoo.com/news/kulr-sets-march-2023-conference-220000260.html,https://s.yimg.com/ny/api/res/1.2/5r2jZ6kTSISKo3R.WIiE6Q--/YXBwaWQ9aGlnaGxhbmRlcjt3PTEyMDA7aD01OTI-/https://media.zenfs.com/en/globenewswire.com/aae66399211cc87fa2a6265302021172,2023-03-06T22:00:00Z,"KULR Technology Group, Inc.
SAN DIEGO, March 06, 2023 (GLOBE NEWSWIRE) -- KULR Technology Group, Inc. (NYSE American: KULR) (the ""Company"" or ""KULR""), a leading energy management platform company ac… [+4266 chars]"
,Yahoo Entertainment,81,CorVel Corp.,CorVel Recognized as a Great Place to Work® Certified Company,"Employees Cite Justice, Leadership Behavior, and Engagement as Factors Contributing to an Outstanding Workplace ExperienceFORT WORTH, Texas, March 01, 2023 (...",https://finance.yahoo.com/news/corvel-recognized-great-place-certified-120800228.html,https://s.yimg.com/ny/api/res/1.2/o.Bo6sdHszBfmVWmXtFjmw--/YXBwaWQ9aGlnaGxhbmRlcjt3PTEyMDA7aD04MTg-/https://media.zenfs.com/en/globenewswire.com/064d26eac7a72fb4a0f76ddc4fdfda87,2023-03-01T12:08:00Z,"Employees Cite Justice, Leadership Behavior, and Engagement as Factors Contributing to an Outstanding Workplace Experience
FORT WORTH, Texas, March 01, 2023 (GLOBE NEWSWIRE) -- CorVel Corporation (N… [+3362 chars]"
,Yahoo Entertainment,82,"ExlService Holdings, Inc.",EXL earns gold medal rating for sustainability efforts by EcoVadis,"NEW YORK, Feb. 16, 2023 (GLOBE NEWSWIRE) -- EXL [NASDAQ: EXLS], a leading data analytics and digital operations and solutions company, announced that it has ...",https://finance.yahoo.com/news/exl-earns-gold-medal-rating-133300071.html,https://s.yimg.com/ny/api/res/1.2/cJ1hoLPr9yj9nt7hCVmFkA--/YXBwaWQ9aGlnaGxhbmRlcjt3PTEyMDA7aD02NDc-/https://media.zenfs.com/en/globenewswire.com/bcdbd3be3a3cc41b915e52ca870b5a14,2023-02-16T13:33:00Z,"ExlService Holdings, Inc.
NEW YORK, Feb. 16, 2023 (GLOBE NEWSWIRE) -- EXL [NASDAQ: EXLS], a leading data analytics and digital operations and solutions company, announced that it has been awarded a … [+6141 chars]"
,Yahoo Entertainment,83,Persistence Market Research,With 15.8% CAGR: The Non-volatile Memory Market worth US$ 152.0 billion by 2033 Globally - Report by Persistence Market Research,"Global Market Study on Non-volatile Memory: Growth May Heat up as Data Centers Emerge to Fulfill Demand for Cloud Technologies!New York, Feb. 15, 2023 (GLOBE...",https://finance.yahoo.com/news/15-8-cagr-non-volatile-131500248.html,https://s.yimg.com/ny/api/res/1.2/BJIHDQBF0OCRsnWdXAFFPA--/YXBwaWQ9aGlnaGxhbmRlcjt3PTEyMDA7aD00MTM-/https://media.zenfs.com/en/globenewswire.com/6a684fedaa1e850f0dac33305b48591b,2023-02-15T13:15:00Z,"Persistence Market Research
Global Market Study on Non-volatile Memory: Growth May Heat up as Data Centers Emerge to Fulfill Demand for Cloud Technologies!
New York, Feb. 15, 2023 (GLOBE NEWSWIRE) … [+7872 chars]"
,Yahoo Entertainment,84,CNW Group,BlackLine Joins Forces with Kofax to Add Globally Compliant Electronic Invoicing Capabilities to Accounts Receivable Automation Solutions,"Accounting automation software leader BlackLine, Inc. (Nasdaq: BL) is extending its relationship with Kofax, a global leader in Intelligent Automation, to...",https://finance.yahoo.com/news/blackline-joins-forces-kofax-add-140100728.html,https://media.zenfs.com/en/cnwgroup.com/c4f45d0ee1422c577b28e7da00dd9ec2,2023-02-22T14:01:00Z,"BlackLine AR Automation combined with Kofax's global business transaction network creates end-to-end solution for automated invoice-to-cash efficiency
LOS ANGELES, Feb. 22, 2023 /CNW/ -- Accounting … [+7660 chars]"
,Yahoo Entertainment,85,OMNIQ Corp.,"OMNIQ’S AI-BASED MACHINE VISION SAFE CITY SYSTEM, TO BE DEPLOYED IN THE CITY OF McRAE-HELENA,GEORGIA.","The system uses patented Neural Network algorithms that imitate human brains for pattern recognition and decision-making. SALT LAKE CITY, Feb. 21, 2023...",https://finance.yahoo.com/news/omniq-ai-based-machine-vision-134500929.html,https://s.yimg.com/ny/api/res/1.2/.XNf5Wn4Sg4GM8adgB1qlA--/YXBwaWQ9aGlnaGxhbmRlcjt3PTEyMDA7aD00NTc-/https://media.zenfs.com/en/globenewswire.com/9d665747cd13c908160aba53fda640d6,2023-02-21T13:45:00Z,"<ul><li>The system uses patented Neural Network algorithms that imitate human brains for pattern recognition and decision-making.
</li></ul>SALT LAKE CITY, Feb. 21, 2023 (GLOBE NEWSWIRE) -- OMNIQ Co… [+6713 chars]"
,Yahoo Entertainment,86,"ExlService Holdings, Inc.",EXL named again to Newsweek’s America’s Most Responsible Companies 2023 list,"NEW YORK, Feb. 21, 2023 (GLOBE NEWSWIRE) -- EXL [NASDAQ: EXLS], a leading data analytics and digital operations and solutions company, has been named to...",https://finance.yahoo.com/news/exl-named-again-newsweek-america-133300286.html,https://s.yimg.com/ny/api/res/1.2/cJ1hoLPr9yj9nt7hCVmFkA--/YXBwaWQ9aGlnaGxhbmRlcjt3PTEyMDA7aD02NDc-/https://media.zenfs.com/en/globenewswire.com/bcdbd3be3a3cc41b915e52ca870b5a14,2023-02-21T13:33:00Z,"ExlService Holdings, Inc.
NEW YORK, Feb. 21, 2023 (GLOBE NEWSWIRE) -- EXL [NASDAQ: EXLS], a leading data analytics and digital operations and solutions company, has been named to Newsweeks list of A… [+4846 chars]"
,Yahoo Entertainment,87,"ExlService Holdings, Inc.",EXL named a Leader in Payer Digital Transformation Services in ISG Provider Lens™ Healthcare Digital Services,"NEW YORK, Feb. 15, 2023 (GLOBE NEWSWIRE) -- EXL [NASDAQ: EXLS], a leading data analytics and digital operations and solutions company, announced that it has ...",https://finance.yahoo.com/news/exl-named-leader-payer-digital-133300356.html,https://s.yimg.com/ny/api/res/1.2/cJ1hoLPr9yj9nt7hCVmFkA--/YXBwaWQ9aGlnaGxhbmRlcjt3PTEyMDA7aD02NDc-/https://media.zenfs.com/en/globenewswire.com/bcdbd3be3a3cc41b915e52ca870b5a14,2023-02-15T13:33:00Z,"ExlService Holdings, Inc.
NEW YORK, Feb. 15, 2023 (GLOBE NEWSWIRE) -- EXL [NASDAQ: EXLS], a leading data analytics and digital operations and solutions company, announced that it has been named a Le… [+5793 chars]"
,Yahoo Entertainment,88,BioXcel Therapeutics,"BioXcel Therapeutics Announces Positive Full Data from Phase 2 Trial of BXCL701 in Rare, Aggressive Form of Prostate Cancer; to be Presented at 2023 ASCO Genitourinary Cancers Symposium",BXCL701 plus KEYTRUDA® (pembrolizumab) demonstrated composite response rate of 25% in patients with metastatic SCNC-variant castration-resistant prostate...,https://finance.yahoo.com/news/bioxcel-therapeutics-announces-positive-full-220000494.html,https://media.zenfs.com/en/globenewswire.com/7719cf24737d26523c9aaf554130597b,2023-02-13T22:00:00Z,"BXCL701 plus KEYTRUDA® (pembrolizumab) demonstrated composite response rate of 25% in patients with metastatic SCNC-variant castration-resistant prostate cancer
Company plans to initiate randomized … [+14527 chars]"
,Yahoo Entertainment,89,Insider Monkey Transcripts,Lumentum Holdings Inc. (NASDAQ:LITE) Q2 2023 Earnings Call Transcript,"Lumentum Holdings Inc. (NASDAQ:LITE) Q2 2023 Earnings Call Transcript February 9, 2023 Operator: Good day, everyone, and welcome to the Lumentum Holdings...",https://finance.yahoo.com/news/lumentum-holdings-inc-nasdaq-lite-194439044.html,https://media.zenfs.com/en/insidermonkey.com/a777acd01fe7987be7ed6a425ebca0a2,2023-02-10T19:44:39Z,"Lumentum Holdings Inc. (NASDAQ:LITE) Q2 2023 Earnings Call Transcript February 9, 2023
Operator: Good day, everyone, and welcome to the Lumentum Holdings' Second Quarter Fiscal Year 2023 Earnings Ca… [+17834 chars]"
,Yahoo Entertainment,90,PR Newswire,Alexandria Venture Investments Ranked Among Top Five Most Active U.S.-Based Investors in Agrifoodtech for Third Consecutive Year,"Alexandria Venture Investments, the strategic venture capital platform of Alexandria Real Estate Equities, Inc. (NYSE: ARE), the first, preeminent, longest...",https://finance.yahoo.com/news/alexandria-venture-investments-ranked-among-133000535.html,https://media.zenfs.com/en/prnewswire.com/b550f41bc01f59a4dea5032e09f2e6f8,2023-02-14T13:30:00Z,"PASADENA, Calif., Feb. 14, 2023 /PRNewswire/ -- Alexandria Venture Investments, the strategic venture capital platform of Alexandria Real Estate Equities, Inc. (NYSE: ARE), the first, preeminent, lon… [+7780 chars]"
,Yahoo Entertainment,91,PR Newswire,"GIVAUDAN TO ACQUIRE PORTFOLIO OF MAJOR COSMETIC INGREDIENTS FROM AMYRIS AND TO ESTABLISH STRATEGIC PARTNERSHIP FOR NATURAL, SUSTAINABLY SOURCED INGREDIENTS FOR THE BEAUTY INDUSTRY","As part of its 2025 strategy to provide new and superior product offerings to expand its Active Beauty business, Givaudan, the global leader in fragrance...",https://finance.yahoo.com/news/givaudan-acquire-portfolio-major-cosmetic-110000626.html,https://media.zenfs.com/en/prnewswire.com/293007ce5cbe7d838ba4d5c4584496fb,2023-02-22T11:00:00Z,"The bio-based sustainable blockbuster ingredients Squalane, Hemisqualane and Cleanscreen as well as development of future cosmetic ingredients from Amyris will accelerate both companies' leadership i… [+7794 chars]"
,Yahoo Entertainment,92,Growth Plus Reports,"Direct-to-Consumer Laboratory Testing Market Report (2022 to 2030) - Hamilton Company, Danaher Corporation, Beckman Coulter, Inc., Sartorius AG and Eppendorf AG","Singapore, Feb. 28, 2023 (GLOBE NEWSWIRE) -- According to the deep-dive market assessment study by Growth Plus Reports, the global direct-to-consumer...",https://finance.yahoo.com/news/direct-consumer-laboratory-testing-market-043000527.html,https://media.zenfs.com/en/globenewswire.com/980a5e1136ffe9b9eac1edd1406a0b86,2023-03-01T04:30:00Z,"Singapore, Feb. 28, 2023 (GLOBE NEWSWIRE) -- According to the deep-dive market assessment study by Growth Plus Reports, the global direct-to-consumer laboratory testing market
 was valued at US$ 2.7… [+10511 chars]"
,Yahoo Entertainment,93,Insider Monkey Transcripts,Zeta Global Holdings Corp. (NYSE:ZETA) Q4 2022 Earnings Call Transcript,"Zeta Global Holdings Corp. (NYSE:ZETA) Q4 2022 Earnings Call Transcript February 25, 2023 Operator: Thank you for standing by. This is the conference...",https://finance.yahoo.com/news/zeta-global-holdings-corp-nyse-034634951.html,https://media.zenfs.com/en/insidermonkey.com/08332ce7fb81c231a590eeaaa3ebe697,2023-02-28T03:46:34Z,"Zeta Global Holdings Corp. (NYSE:ZETA) Q4 2022 Earnings Call Transcript February 25, 2023
Operator: Thank you for standing by. This is the conference operator. Welcome to the Zeta Fourth Quarter 202… [+21126 chars]"
,Yahoo Entertainment,94,ReportLinker,"The Global Surgical Planning Software Market size is expected to reach $142.6 Million by 2028, rising at a market growth of 6.5% CAGR during the forecast period","Surgical planning software generates digitally correct data that the surgeon may rapidly assess prior to surgery, assisting the physician in selecting the...",https://finance.yahoo.com/news/global-surgical-planning-software-market-181600872.html,https://media.zenfs.com/en/globenewswire.com/4ce8962afb8a41766b626a7e61c8413f,2023-02-21T18:16:00Z,"Surgical planning software generates digitally correct data that the surgeon may rapidly assess prior to surgery, assisting the physician in selecting the best surgical strategy. Some of the major re… [+14651 chars]"
,Yahoo Entertainment,95,"View, Inc.",View to Seek Stockholder Approval of Reverse Stock Split as Part of NASDAQ Compliance Plan,"MILPITAS, Calif., Feb. 16, 2023 (GLOBE NEWSWIRE) -- View, Inc. (Nasdaq: VIEW) (“View”) today announced that it plans to hold a special meeting of...",https://finance.yahoo.com/news/view-seek-stockholder-approval-reverse-211600596.html,https://media.zenfs.com/en/globenewswire.com/fe93662e17a05ed0a9b195b74763fda2,2023-02-16T21:16:00Z,"MILPITAS, Calif., Feb. 16, 2023 (GLOBE NEWSWIRE) -- View, Inc. (Nasdaq: VIEW) (View) today announced that it plans to hold a special meeting of stockholders to seek approval of a reverse stock split … [+8662 chars]"
,Yahoo Entertainment,96,Corning Incorporated,Corning’s New EDGE™ Distribution System Accelerates Data Center Cabling Installation by up to 70%,"The pre-engineered solution helps meet demand for information processing in the cloud – simplifying installation, lowering overall costs, and reducing carbon...",https://finance.yahoo.com/news/corning-edge-distribution-system-accelerates-131400889.html,https://s.yimg.com/cv/apiv2/social/images/yahoo_default_logo-1200x1200.png,2023-03-03T13:14:00Z,"The pre-engineered solution helps meet demand for information processing in the cloud simplifying installation, lowering overall costs, and reducing carbon footprint
CORNING, N.Y., March 03, 2023 (G… [+9464 chars]"
,Yahoo Entertainment,97,Insider Monkey Transcripts,Fresh Del Monte Produce Inc. (NYSE:FDP) Q4 2022 Earnings Call Transcript,"Fresh Del Monte Produce Inc. (NYSE:FDP) Q4 2022 Earnings Call Transcript February 22, 2023 Operator: Good day everyone and welcome to Fresh Del Monte...",https://finance.yahoo.com/news/fresh-del-monte-produce-inc-220009030.html,https://media.zenfs.com/en/insidermonkey.com/972584986a6c8a0141adc9de61606c20,2023-02-23T22:00:09Z,"Fresh Del Monte Produce Inc. (NYSE:FDP) Q4 2022 Earnings Call Transcript February 22, 2023
Operator: Good day everyone and welcome to Fresh Del Monte Produce's Fourth Quarter and Full Fiscal Year 20… [+14140 chars]"
,Yahoo Entertainment,98,Insider Monkey Transcripts,"Synopsys, Inc. (NASDAQ:SNPS) Q1 2023 Earnings Call Transcript","Synopsys, Inc. (NASDAQ:SNPS) Q1 2023 Earnings Call Transcript February 15, 2023 Operator: Ladies and gentlemen, welcome to the Synopsys Earnings Conference...",https://finance.yahoo.com/news/synopsys-inc-nasdaq-snps-q1-234924517.html,https://media.zenfs.com/en/insidermonkey.com/0e5da456496d5c5ace41318a0c55a236,2023-02-16T23:49:24Z,"Synopsys, Inc. (NASDAQ:SNPS) Q1 2023 Earnings Call Transcript February 15, 2023
Operator: Ladies and gentlemen, welcome to the Synopsys Earnings Conference Call for the First Quarter of Fiscal Year … [+16091 chars]"
,Yahoo Entertainment,99,Insider Monkey Transcripts,"Sensus Healthcare, Inc. (NASDAQ:SRTS) Q4 2022 Earnings Call Transcript","Sensus Healthcare, Inc. (NASDAQ:SRTS) Q4 2022 Earnings Call Transcript February 9, 2023 Operator: Welcome to the Sensus Healthcare Fourth Quarter 2022...",https://finance.yahoo.com/news/sensus-healthcare-inc-nasdaq-srts-154243065.html,https://media.zenfs.com/en/insidermonkey.com/d96fe7295f8cdccc7afe5c786e1fe5bf,2023-02-12T15:42:43Z,"Sensus Healthcare, Inc. (NASDAQ:SRTS) Q4 2022 Earnings Call Transcript February 9, 2023
Operator: Welcome to the Sensus Healthcare Fourth Quarter 2022 Earnings Conference Call. . Please also note th… [+15229 chars]"
